experiment,n_features,n_params,test_corr_mse,test_r2
Without freight (baseline),13,82845,0.0990009605884552,0.032492756843566895
With freight,14,83101,0.10034414380788803,-0.1485755443572998
